# ************************************************************
# Sequel Pro SQL dump
# Versión 4541
#
# http://www.sequelpro.com/
# https://github.com/sequelpro/sequelpro
#
# Host: 127.0.0.1 (MySQL 5.5.5-10.1.31-MariaDB)
# Base de datos: directrix
# Tiempo de Generación: 2018-12-07 21:51:22 +0000
# ************************************************************


/*!40101 SET @OLD_CHARACTER_SET_CLIENT=@@CHARACTER_SET_CLIENT */;
/*!40101 SET @OLD_CHARACTER_SET_RESULTS=@@CHARACTER_SET_RESULTS */;
/*!40101 SET @OLD_COLLATION_CONNECTION=@@COLLATION_CONNECTION */;
/*!40101 SET NAMES utf8 */;
/*!40014 SET @OLD_FOREIGN_KEY_CHECKS=@@FOREIGN_KEY_CHECKS, FOREIGN_KEY_CHECKS=0 */;
/*!40101 SET @OLD_SQL_MODE=@@SQL_MODE, SQL_MODE='NO_AUTO_VALUE_ON_ZERO' */;
/*!40111 SET @OLD_SQL_NOTES=@@SQL_NOTES, SQL_NOTES=0 */;


# Volcado de tabla ci_configuracion
# ------------------------------------------------------------

DROP TABLE IF EXISTS `ci_configuracion`;

CREATE TABLE `ci_configuracion` (
  `idConfiguracion` int(11) unsigned NOT NULL AUTO_INCREMENT,
  `nombre` varchar(255) NOT NULL DEFAULT '',
  `valor` varchar(255) NOT NULL DEFAULT '',
  PRIMARY KEY (`idConfiguracion`)
) ENGINE=InnoDB DEFAULT CHARSET=utf8;



# Volcado de tabla ci_contenido
# ------------------------------------------------------------

DROP TABLE IF EXISTS `ci_contenido`;

CREATE TABLE `ci_contenido` (
  `idContenido` int(11) unsigned NOT NULL AUTO_INCREMENT,
  `idUsuario` int(11) NOT NULL,
  `titulo` varchar(255) DEFAULT NULL,
  `tituloSeo` varchar(255) DEFAULT NULL,
  `icon` varchar(255) DEFAULT NULL,
  `imgEncabezado` varchar(255) DEFAULT NULL,
  `contenido` blob,
  `fechaHora` timestamp NOT NULL DEFAULT CURRENT_TIMESTAMP,
  `fechaActualizacion` timestamp NOT NULL DEFAULT CURRENT_TIMESTAMP ON UPDATE CURRENT_TIMESTAMP,
  `indPaginaInicial` tinyint(1) NOT NULL DEFAULT '0',
  `indHabilitado` tinyint(1) NOT NULL DEFAULT '1',
  PRIMARY KEY (`idContenido`)
) ENGINE=InnoDB DEFAULT CHARSET=utf8;

LOCK TABLES `ci_contenido` WRITE;
/*!40000 ALTER TABLE `ci_contenido` DISABLE KEYS */;

INSERT INTO `ci_contenido` (`idContenido`, `idUsuario`, `titulo`, `tituloSeo`, `icon`, `imgEncabezado`, `contenido`, `fechaHora`, `fechaActualizacion`, `indPaginaInicial`, `indHabilitado`)
VALUES
	(1,9,'Misión de la empresa','mision-de-la-empresa','fa-caret-right',NULL,X'3C703E0A0951756572656D6F732073657220756E6120656D707265736120636F6E666F726D61646120706F7220756E2065717569706F20706F73697469766F2C20637265617469766F2C206465206D656E74652061626965727461207920636F6E20756E206772616E20657370266961637574653B726974752064652066616D696C69612C20717565207075656461206861636572206D266161637574653B7320636F6E206D656E6F732C207365722068756D696C646573207920612073752076657A20706F646572206272696E64617220736F6C7563696F6E657320696E666F726D266161637574653B746963617320646520616C74612063616C696461642C20696E747569746976617320792076616E677561726469737461732E3C2F703E0A3C703E0A094E756573747261207072696E636970616C206D6F746976616369266F61637574653B6E2065732070726F7069636961722079207061727469636970617220656E20656C206465736172726F6C6C6F20657869746F736F206465206E75657374726F7320636C69656E7465732E3C2F703E0A3C703E0A09686F6C61204D756E646F20756E6F20646F7320747265732063756174726F2E3C2F703E0A3C756C3E0A093C6C693E0A09096B6C6B266E74696C64653B6C6B266E74696C64653B6C6B266E74696C64653B6C6B266E74696C64653B6B6C266E74696C64653B6B6C266E74696C64653B3C2F6C693E0A093C6C693E0A0909266E74696C64653B6B266E74696C64653B6C6B266E74696C64653B3C2F6C693E0A093C6C693E0A09096C6B266E74696C64653B6C6B266E74696C64653B6C6B266E74696C64653B6C6B266E74696C64653B6C6B266E74696C64653B6C6B266E74696C64653B6C6B3C2F6C693E0A093C6C693E0A0909266E74696C64653B6C6B266E74696C64653B6C6B266E74696C64653B6C6B266E74696C64653B6C6B6C6B266E74696C64653B6C6B266E74696C64653B6C6B266E74696C64653B6C6B266E74696C64653B6C6B266E74696C64653B6C3C2F6C693E0A093C6C693E0A09096B266E74696C64653B6C6B266E74696C64653B6C6B266E74696C64653B6C6B266E74696C64653B6C6B6C266E74696C64653B3C2F6C693E0A093C6C693E0A09096C266E74696C64653B6B6C266E74696C64653B6B266E74696C64653B6C6B6C266E74696C64653B6B6C266E74696C64653B6B6C266E74696C64653B6B3C2F6C693E0A093C6C693E0A0909266E74696C64653B6C6B266E74696C64653B6C6B266E74696C64653B6C6B266E74696C64653B6C6B266E74696C64653B6C6B6C6B266E74696C64653B6C6B6C266E74696C64653B6B3C2F6C693E0A3C2F756C3E0A','2018-11-26 17:49:30','2018-11-27 14:19:39',1,1),
	(2,2,'Pagina de ejemplo','pagina-de-ejemplo','fa-caret-right',NULL,X'3C703E0A094C6F72656D20697073756D20646F6C6F722073697420616D65742C20636F6E73656374657475722061646970697363696E6720656C69742E205072616573656E742072697375732065726F732C2073656D706572206E6F6E20636F6E64696D656E74756D2065742C20636F6E76616C6C697320696E74657264756D2070757275732E204E756C6C616D20616C697175616D206C656F20696E20756C6C616D636F7270657220616C697175616D2E204D6F72626920766573746962756C756D2073697420616D65742066656C6973206E6F6E206D616C6573756164612E2053656420646170696275732074656D706F72206E69736C2E20566976616D75732076656C20616E74652073697420616D6574206C656374757320636F6E76616C6C697320756C6C616D636F727065722E2050726F696E20636F6D6D6F646F20616E74652061207475727069732072686F6E637573206C6F626F727469732E204D6F7262692076656C206F726E6172652065726F732E20566573746962756C756D206964206C6967756C612068656E6472657269742074656C6C757320636F6D6D6F646F2074656D7075732E20416C697175616D2070656C6C656E7465737175652065782076656C69742C206174206C616F72656574206E69736C20766F6C757470617420612E2050656C6C656E7465737175652073757363697069742065676574206E65717565206120706C6163657261742E3C2F703E0A3C703E0A09496E206861632068616269746173736520706C617465612064696374756D73742E2053757370656E64697373652073656D706572206D692076656C20656E696D20616C69717565742066617563696275732E20566573746962756C756D20636F6E76616C6C69732C206D692073656420736F6C6C696369747564696E2064696374756D2C2073617069656E206C65637475732068656E6472657269742073656D2C206574206C7563747573206E756C6C612074656C6C75732061742073617069656E2E20566976616D7573206567657374617320696E74657264756D206D65747573206E6F6E20626C616E6469742E20416C697175616D20766573746962756C756D2065726F732066656C69732E20566976616D75732066696E69627573206469616D20617420766976657272612074656D706F722E2050726F696E206573742073656D2C20736F64616C6573206575206C6967756C6120696E2C2076756C70757461746520656C656D656E74756D2073617069656E2E3C2F703E0A3C703E0A0950726F696E206C6F626F7274697320747572706973207669746165206469616D20756C7472696365732066617563696275732E204E756C6C616D206174206E696268206F64696F2E20446F6E6563206E656320706F727461207475727069732E20416C697175616D2067726176696461206C61637573206567657420616E746520616C69717565742C2076656C20617563746F72206C656374757320636F6E64696D656E74756D2E2043757261626974757220696163756C697320746F72746F72207175697320616C697175616D2070686172657472612E2050686173656C6C757320636F6E76616C6C69732076656E656E617469732065726F732C20656765742076756C70757461746520726973757320766F6C757470617420706F73756572652E20416C697175616D20766172697573206469616D2065782C2071756973206C756374757320656C697420696163756C69732076656C2E2044756973207574206D616C6573756164612073617069656E2C20656765742070656C6C656E746573717565206E6973692E20557420617563746F72206E69736C206C656F2C2073697420616D657420696D70657264696574206C65637475732070656C6C656E746573717565206375727375732E20457469616D2065676574206D617373612065676574206E756E6320696E74657264756D20626C616E6469742073697420616D6574207669746165206D61676E612E3C2F703E0A3C703E0A0950726F696E20636F6E64696D656E74756D20647569207475727069732C2073697420616D657420617563746F722070757275732067726176696461206E65632E20457469616D20616363756D73616E206E65717565206E65632074656C6C7573206C6163696E696120636F6E7365717561742E205072616573656E742073656D7065722073656D206567657420616363756D73616E20706F7274612E204E756E6320696E20766976657272612074656C6C75732C2071756973206C7563747573206D657475732E204D6F72626920696E207375736369706974206E756E632C2061206D6F6C6573746965206D61757269732E20447569732069642074656D70757320616E74652E2041656E65616E2074696E636964756E7420736F64616C6573206C6967756C61206174206566666963697475722E2050726F696E207365642068656E647265726974206D61757269732E20557420736564206C656F20656E696D2E20446F6E6563206F64696F20646F6C6F722C206C616F7265657420766974616520656C656966656E642065752C2070656C6C656E746573717565206163207475727069732E3C2F703E0A3C756C3E0A093C6C693E0A09096B6C6A6C6B206A6C6B6A6C206A6C6B6A6C206A6C3C2F6C693E0A093C6C693E0A09096B6A6C6B6A6C6B6A6C206B6A6C6A6C206A6C6B6A6C6B6A6C6A6C6B6A6C6B6A6B206C3C2F6C693E0A093C6C693E0A09096B6A6C6B6A6C6B6A206C6B6A6C6B6A6B6C6A206C6B6A6C6B6A206C6B6A6C6B6A6C6B6A6C6B206A6C6B6A6C6B6A6C6B6A6C6B6A6C206B6A6C6B3C2F6C693E0A093C6C693E0A09096B6C6A6B6A206C6B6A6C6B6A6C6B6A6C6B6A6C6B6A6C6B6A6C6B6A206C6B6A6C6B6A6C6A206C6A6C6B6A6C3C2F6C693E0A3C2F756C3E0A3C703E0A096A686B6A686B6A683C2F703E0A','2018-11-26 00:00:00','2018-11-27 14:19:41',1,1),
	(3,2,'Politicas de calidad','politicas-de-calidad','fa-caret-right','0d022-500x500.png',X'3C703E0A094C6F72656D20697073756D20646F6C6F722073697420616D65742C20636F6E73656374657475722061646970697363696E6720656C69742C2073656420646F20656975736D6F642074656D706F7220696E6369646964756E74207574206C61626F726520657420646F6C6F7265206D61676E6120616C697175612E20557420656E696D206164206D696E696D2076656E69616D2C2071756973206E6F737472756420657865726369746174696F6E20756C6C616D636F206C61626F726973206E69736920757420616C697175697020657820656120636F6D6D6F646F20636F6E7365717561742E3C2F703E0A3C703E0A0944756973206175746520697275726520646F6C6F7220696E20726570726568656E646572697420696E20766F6C7570746174652076656C697420657373652063696C6C756D20646F6C6F726520657520667567696174206E756C6C612070617269617475722E204578636570746575722073696E74206F6363616563617420637570696461746174206E6F6E2070726F6964656E742C2073756E7420696E2063756C706120717569206F666669636961206465736572756E74206D6F6C6C697420616E696D20696420657374206C61626F72756D2E3C2F703E0A3C703E0A093C7370616E207374796C653D22636F6C6F723A207267622835312C2035312C203531293B20666F6E742D66616D696C793A202671756F743B4F70656E2053616E732671756F743B2C2073616E732D73657269663B20666F6E742D73697A653A20313470783B223E44756973206175746520697275726520646F6C6F7220696E20726570726568656E646572697420696E20766F6C7570746174652076656C697420657373652063696C6C756D20646F6C6F726520657520667567696174206E756C6C612070617269617475722E204578636570746575722073696E74206F6363616563617420637570696461746174206E6F6E2070726F6964656E742C2073756E7420696E2063756C706120717569206F666669636961206465736572756E74206D6F6C6C697420616E696D20696420657374206C61626F72756D2E3C2F7370616E3E3C2F703E0A3C703E0A093C7370616E207374796C653D22636F6C6F723A207267622835312C2035312C203531293B20666F6E742D66616D696C793A202671756F743B4F70656E2053616E732671756F743B2C2073616E732D73657269663B20666F6E742D73697A653A20313470783B223E44756973206175746520697275726520646F6C6F7220696E20726570726568656E646572697420696E20766F6C7570746174652076656C697420657373652063696C6C756D20646F6C6F726520657520667567696174206E756C6C612070617269617475722E204578636570746575722073696E74206F6363616563617420637570696461746174206E6F6E2070726F6964656E742C2073756E7420696E2063756C706120717569206F666669636961206465736572756E74206D6F6C6C697420616E696D20696420657374206C61626F72756D2E3C2F7370616E3E3C2F703E0A3C703E0A093C7370616E207374796C653D22636F6C6F723A207267622835312C2035312C203531293B20666F6E742D66616D696C793A202671756F743B4F70656E2053616E732671756F743B2C2073616E732D73657269663B20666F6E742D73697A653A20313470783B223E44756973206175746520697275726520646F6C6F7220696E20726570726568656E646572697420696E20766F6C7570746174652076656C697420657373652063696C6C756D20646F6C6F726520657520667567696174206E756C6C612070617269617475722E204578636570746575722073696E74206F6363616563617420637570696461746174206E6F6E2070726F6964656E742C2073756E7420696E2063756C706120717569206F666669636961206465736572756E74206D6F6C6C697420616E696D20696420657374206C61626F72756D2E3C2F7370616E3E3C2F703E0A3C703E0A094C617320706F74696361732064652063616C69646164206465203C656D3E3C7374726F6E673E63696265726469783C2F7374726F6E673E3C2F656D3E20736F6E3A3C2F703E0A3C756C3E0A093C6C693E0A09096A6C6B6A206B6C6A6C6A206C6B6A6C6B206A6C6B6A206B3C2F6C693E0A093C6C693E0A09096A6C6B6A206B6C6A6C6A206C6B6A6C6B206A6C6B6A206B3C2F6C693E0A093C6C693E0A09096A6C6B6A206B6C6A6C6A206C6B6A6C6B206A6C6B6A206B3C2F6C693E0A093C6C693E0A09096A6C6B6A206B6C6A6C6A206C6B6A6C6B206A6C6B6A206B3C2F6C693E0A093C6C693E0A09096A6C6B6A206B6C6A6C6A206C6B6A6C6B206A6C6B6A206B3C2F6C693E0A093C6C693E0A09096A6C6B6A206B6C6A6C6A206C6B6A6C6B206A6C6B6A206B3C2F6C693E0A093C6C693E0A09096A6C6B6A206B6C6A6C6A206C6B6A6C6B206A6C6B6A206B3C2F6C693E0A093C6C693E0A09096A6C6B6A206B6C6A6C6A206C6B6A6C6B206A6C6B6A206B3C2F6C693E0A3C2F756C3E0A3C703E0A096768676A67266E6273703B6A68676A686768206B266E74696C64653B206C6B266E74696C64653B6C6B6C6B266E74696C64653B206B6C266E6273703B6A68676A686768206B266E74696C64653B203C753E6C6B266E74696C64653B6C6B6C6B266E74696C64653B3C2F753E206B6C266E6273703B6A68676A686768206B266E74696C64653B206C6B266E74696C64653B6C6B6C6B266E74696C64653B206B6C266E6273703B6A68676A686768206B266E74696C64653B206C6B266E74696C64653B6C6B6C6B266E74696C64653B206B6C266E6273703B6A68676A686768206B266E74696C64653B206C6B266E74696C64653B6C6B6C6B266E74696C64653B206B6C266E6273703B6A68676A686768206B266E74696C64653B206C6B266E74696C64653B6C6B6C6B266E74696C64653B206B6C266E6273703B6A68676A686768206B266E74696C64653B206C6B266E74696C64653B6C6B6C6B266E74696C64653B206B6C266E6273703B6A68676A686768206B266E74696C64653B206C6B266E74696C64653B6C6B6C6B266E74696C64653B206B6C266E6273703B6A68676A686768206B266E74696C64653B206C6B266E74696C64653B6C6B6C6B266E74696C64653B206B6C266E6273703B6A68676A686768206B266E74696C64653B206C6B266E74696C64653B6C6B6C6B266E74696C64653B206B6C266E6273703B6A68676A686768206B266E74696C64653B206C6B266E74696C64653B6C6B6C6B266E74696C64653B206B6C266E6273703B6A68676A686768206B266E74696C64653B206C6B266E74696C64653B6C6B6C6B266E74696C64653B206B6C266E6273703B6A68676A686768206B266E74696C64653B206C6B266E74696C64653B6C6B6C6B266E74696C64653B206B6C266E6273703B6A68676A686768206B266E74696C64653B206C6B266E74696C64653B6C6B6C6B266E74696C64653B206B6C266E6273703B6A68676A686768206B266E74696C64653B206C6B266E74696C64653B6C6B6C6B266E74696C64653B206B6C266E6273703B6A68676A686768206B266E74696C64653B206C6B266E74696C64653B6C6B6C6B266E74696C64653B206B6C266E6273703B6A68676A686768206B266E74696C64653B206C6B266E74696C64653B6C6B6C6B266E74696C64653B206B6C266E6273703B6A68676A686768206B266E74696C64653B206C6B266E74696C64653B6C6B6C6B266E74696C64653B206B6C266E6273703B6A68676A686768206B266E74696C64653B206C6B266E74696C64653B6C6B6C6B266E74696C64653B206B6C266E6273703B6A68676A686768206B266E74696C64653B206C6B266E74696C64653B6C6B6C6B266E74696C64653B206B6C266E6273703B6A68676A686768206B266E74696C64653B206C6B266E74696C64653B6C6B6C6B266E74696C64653B206B6C266E6273703B6A68676A686768206B266E74696C64653B206C6B266E74696C64653B6C6B6C6B266E74696C64653B206B6C266E6273703B6A68676A686768206B266E74696C64653B206C6B266E74696C64653B6C6B6C6B266E74696C64653B206B6C266E6273703B6A68676A686768206B266E74696C64653B206C6B266E74696C64653B6C6B6C6B266E74696C64653B206B6C266E6273703B6A68676A686768206B266E74696C64653B206C6B266E74696C64653B6C6B6C6B266E74696C64653B206B6C266E6273703B6A68676A686768206B266E74696C64653B206C6B266E74696C64653B6C6B6C6B266E74696C64653B206B6C266E6273703B6A68676A686768206B266E74696C64653B206C6B266E74696C64653B6C6B6C6B266E74696C64653B206B6C266E6273703B6A68676A686768206B266E74696C64653B206C6B266E74696C64653B6C6B6C6B266E74696C64653B206B6C266E6273703B6A68676A686768206B266E74696C64653B206C6B266E74696C64653B6C6B6C6B266E74696C64653B206B6C3C2F703E0A3C703E0A09266E6273703B3C2F703E0A3C703E0A09266E6273703B6A68676A686768206B266E74696C64653B206C6B266E74696C64653B6C6B6C6B266E74696C64653B206B6C266E6273703B6A68676A686768206B266E74696C64653B206C6B266E74696C64653B6C6B6C6B266E74696C64653B206B6C266E6273703B6A68676A686768206B266E74696C64653B206C6B266E74696C64653B6C6B6C6B266E74696C64653B206B6C266E6273703B6A68676A686768206B266E74696C64653B206C6B266E74696C64653B6C6B6C6B266E74696C64653B206B6C266E6273703B6A68676A686768206B266E74696C64653B206C6B266E74696C64653B6C6B6C6B266E74696C64653B206B6C266E6273703B6A68676A686768206B266E74696C64653B206C6B266E74696C64653B6C6B6C6B266E74696C64653B206B6C266E6273703B6A68676A686768206B266E74696C64653B206C6B266E74696C64653B6C6B6C6B266E74696C64653B206B6C266E6273703B6A68676A686768206B266E74696C64653B206C6B266E74696C64653B6C6B6C6B266E74696C64653B206B6C266E6273703B6A68676A686768206B266E74696C64653B206C6B266E74696C64653B6C6B6C6B266E74696C64653B206B6C3C2F703E0A','2018-11-28 11:28:34','2018-11-28 11:33:03',1,1),
	(4,1,'The standard Lorem Ipsum passage, used since the 1500s, Lorem Ipsum passage','the-standard-lorem-ipsum-passage-used-since-the-1500s','fa-chevron','b0fc5-logo.jpg',X'3C703E0A093C7370616E20666F6E742D73697A653A3D2222206F70656E3D2222207374796C653D22636F6C6F723A2072676228302C20302C2030293B20666F6E742D66616D696C793A202220746578742D616C69676E3A3D22223E5365642075742070657273706963696174697320756E6465206F6D6E69732069737465206E61747573206572726F722073697420766F6C7570746174656D206163637573616E7469756D20646F6C6F72656D717565206C617564616E7469756D2C20746F74616D2072656D206170657269616D2C2065617175652069707361207175616520616220696C6C6F20696E76656E746F726520766572697461746973206574207175617369206172636869746563746F206265617461652076697461652064696374612073756E74206578706C696361626F2E203C2F7370616E3E3C2F703E0A3C703E0A093C7370616E20666F6E742D73697A653A3D2222206F70656E3D2222207374796C653D22636F6C6F723A2072676228302C20302C2030293B20666F6E742D66616D696C793A202220746578742D616C69676E3A3D22223E4E656D6F20656E696D20697073616D20766F6C7570746174656D207175696120766F6C7570746173207369742061737065726E6174757220617574206F646974206175742066756769742C20736564207175696120636F6E73657175756E747572206D61676E6920646F6C6F72657320656F732071756920726174696F6E6520766F6C7570746174656D207365717569206E65736369756E742E204E6571756520706F72726F20717569737175616D206573742C2071756920646F6C6F72656D20697073756D207175696120646F6C6F722073697420616D65742C20636F6E73656374657475722C2061646970697363692076656C69742C207365642071756961206E6F6E206E756D7175616D2065697573206D6F64692074656D706F726120696E636964756E74207574206C61626F726520657420646F6C6F7265206D61676E616D20616C697175616D207175616572617420766F6C7570746174656D2E20557420656E696D206164206D696E696D612076656E69616D2C2071756973206E6F737472756D20657865726369746174696F6E656D20756C6C616D20636F72706F726973207375736369706974206C61626F72696F73616D2C206E69736920757420616C697175696420657820656120636F6D6D6F646920636F6E73657175617475723F205175697320617574656D2076656C2065756D206975726520726570726568656E64657269742071756920696E20656120766F6C7570746174652076656C69742065737365207175616D206E6968696C206D6F6C65737469616520636F6E73657175617475722C2076656C20696C6C756D2071756920646F6C6F72656D2065756D206675676961742071756F20766F6C7570746173206E756C6C612070617269617475723F3C2F7370616E3E3C2F703E0A3C703E0A093C7370616E20666F6E742D73697A653A3D2222206F70656E3D2222207374796C653D22636F6C6F723A2072676228302C20302C2030293B20666F6E742D66616D696C793A202220746578742D616C69676E3A3D22223E4174207665726F20656F73206574206163637573616D757320657420697573746F206F64696F206469676E697373696D6F7320647563696D75732071756920626C616E646974696973207072616573656E7469756D20766F6C7570746174756D2064656C656E69746920617471756520636F7272757074692071756F7320646F6C6F7265732065742071756173206D6F6C657374696173206578636570747572692073696E74206F63636165636174692063757069646974617465206E6F6E2070726F766964656E742C2073696D696C697175652073756E7420696E2063756C706120717569206F666669636961206465736572756E74206D6F6C6C6974696120616E696D692C20696420657374206C61626F72756D20657420646F6C6F72756D20667567612E203C2F7370616E3E3C2F703E0A3C703E0A093C7370616E20666F6E742D73697A653A3D2222206F70656E3D2222207374796C653D22636F6C6F723A2072676228302C20302C2030293B20666F6E742D66616D696C793A202220746578742D616C69676E3A3D22223E457420686172756D2071756964656D20726572756D20666163696C6973206573742065742065787065646974612064697374696E6374696F2E204E616D206C696265726F2074656D706F72652C2063756D20736F6C757461206E6F6269732065737420656C6967656E6469206F7074696F2063756D717565206E6968696C20696D70656469742071756F206D696E75732069642071756F64206D6178696D6520706C61636561742066616365726520706F7373696D75732C206F6D6E697320766F6C757074617320617373756D656E6461206573742C206F6D6E697320646F6C6F7220726570656C6C656E6475732E2054656D706F726962757320617574656D2071756962757364616D20657420617574206F6666696369697320646562697469732061757420726572756D206E65636573736974617469627573207361657065206576656E69657420757420657420766F6C7570746174657320726570756469616E6461652073696E74206574206D6F6C657374696165206E6F6E207265637573616E6461652E2049746171756520656172756D20726572756D206869632074656E6574757220612073617069656E74652064656C65637475732C20757420617574207265696369656E64697320766F6C757074617469627573206D61696F72657320616C69617320636F6E73657175617475722061757420706572666572656E64697320646F6C6F7269627573206173706572696F72657320726570656C6C61742E3C2F7370616E3E3C2F703E0A','0000-00-00 00:00:00','2018-11-28 18:53:12',0,1);

/*!40000 ALTER TABLE `ci_contenido` ENABLE KEYS */;
UNLOCK TABLES;


# Volcado de tabla ci_cookies
# ------------------------------------------------------------

DROP TABLE IF EXISTS `ci_cookies`;

CREATE TABLE `ci_cookies` (
  `id` int(11) NOT NULL AUTO_INCREMENT,
  `cookie_id` varchar(255) DEFAULT NULL,
  `netid` varchar(255) DEFAULT NULL,
  `ip_address` varchar(255) DEFAULT NULL,
  `user_agent` varchar(255) DEFAULT NULL,
  `orig_page_requested` varchar(120) DEFAULT NULL,
  `php_session_id` varchar(40) DEFAULT NULL,
  `created_at` datetime DEFAULT NULL,
  `updated_at` datetime DEFAULT NULL,
  PRIMARY KEY (`id`)
) ENGINE=InnoDB DEFAULT CHARSET=utf8;



# Volcado de tabla ci_rol
# ------------------------------------------------------------

DROP TABLE IF EXISTS `ci_rol`;

CREATE TABLE `ci_rol` (
  `idRol` int(11) unsigned NOT NULL AUTO_INCREMENT,
  `nombre` varchar(255) NOT NULL DEFAULT '',
  `codigo` char(1) NOT NULL DEFAULT '',
  `urlInicio` varchar(255) NOT NULL DEFAULT '',
  `indHabilitado` tinyint(1) NOT NULL DEFAULT '1',
  PRIMARY KEY (`idRol`)
) ENGINE=InnoDB DEFAULT CHARSET=utf8;

LOCK TABLES `ci_rol` WRITE;
/*!40000 ALTER TABLE `ci_rol` DISABLE KEYS */;

INSERT INTO `ci_rol` (`idRol`, `nombre`, `codigo`, `urlInicio`, `indHabilitado`)
VALUES
	(1,'SuperAdmin','S','superadmin/dashboard',1),
	(2,'Admin','A','admin/dashboard',1),
	(3,'Usuario','U','usuario/dashboard',1);

/*!40000 ALTER TABLE `ci_rol` ENABLE KEYS */;
UNLOCK TABLES;


# Volcado de tabla ci_sessions
# ------------------------------------------------------------

DROP TABLE IF EXISTS `ci_sessions`;

CREATE TABLE `ci_sessions` (
  `session_id` varchar(40) NOT NULL DEFAULT '0',
  `ip_address` varchar(45) NOT NULL DEFAULT '0',
  `user_agent` varchar(120) NOT NULL,
  `last_activity` int(10) NOT NULL DEFAULT '0',
  `user_data` mediumtext NOT NULL,
  PRIMARY KEY (`session_id`)
) ENGINE=InnoDB DEFAULT CHARSET=utf8;

LOCK TABLES `ci_sessions` WRITE;
/*!40000 ALTER TABLE `ci_sessions` DISABLE KEYS */;

INSERT INTO `ci_sessions` (`session_id`, `ip_address`, `user_agent`, `last_activity`, `user_data`)
VALUES
	('0b368c5a41722196cb5fccfcaff24c55','::1','Mozilla/5.0 (Macintosh; Intel Mac OS X 10_13_6) AppleWebKit/537.36 (KHTML, like Gecko) Chrome/70.0.3538.102 Safari/537.3',1543587883,'a:10:{s:9:\"user_data\";s:0:\"\";s:5:\"us_id\";s:1:\"2\";s:9:\"us_nombre\";s:10:\"SuperAdmin\";s:11:\"us_apellido\";s:8:\"ciberdix\";s:9:\"us_avatar\";s:68:\"http://localhost/directrix/assets/uploads/avatar/ciberdix-circle.jpg\";s:8:\"us_email\";s:23:\"superadmin@ciberdix.com\";s:10:\"rol_codigo\";s:1:\"S\";s:7:\"rol_url\";s:20:\"superadmin/dashboard\";s:6:\"rol_id\";s:1:\"1\";s:12:\"is_logged_in\";b:1;}'),
	('3fa75dca078ee26ce529388fcda2aae7','::1','Mozilla/5.0 (Macintosh; Intel Mac OS X 10_13_6) AppleWebKit/537.36 (KHTML, like Gecko) Chrome/70.0.3538.102 Safari/537.3',1543503993,'a:10:{s:9:\"user_data\";s:0:\"\";s:5:\"us_id\";s:1:\"2\";s:9:\"us_nombre\";s:10:\"SuperAdmin\";s:11:\"us_apellido\";s:8:\"ciberdix\";s:9:\"us_avatar\";s:68:\"http://localhost/directrix/assets/uploads/avatar/ciberdix-circle.jpg\";s:8:\"us_email\";s:23:\"superadmin@ciberdix.com\";s:10:\"rol_codigo\";s:1:\"S\";s:7:\"rol_url\";s:20:\"superadmin/dashboard\";s:6:\"rol_id\";s:1:\"1\";s:12:\"is_logged_in\";b:1;}');

/*!40000 ALTER TABLE `ci_sessions` ENABLE KEYS */;
UNLOCK TABLES;


# Volcado de tabla ci_usuario
# ------------------------------------------------------------

DROP TABLE IF EXISTS `ci_usuario`;

CREATE TABLE `ci_usuario` (
  `idUsuario` int(11) unsigned NOT NULL AUTO_INCREMENT,
  `email` varchar(255) NOT NULL,
  `contrasena` varchar(255) NOT NULL,
  `tipoDocumento` char(2) DEFAULT NULL COMMENT 'CC : CedulaCiudadania - NI : Nit - CE : CedulaExtrangeria',
  `numDocumento` varchar(30) DEFAULT NULL,
  `nombre` varchar(255) DEFAULT NULL,
  `apellido` varchar(255) DEFAULT NULL,
  `direccion` varchar(100) DEFAULT NULL,
  `telefono` varchar(255) DEFAULT NULL,
  `celular` varchar(255) DEFAULT NULL,
  `desde` datetime DEFAULT NULL,
  `ultimoAcceso` datetime DEFAULT NULL,
  `idRol` int(11) unsigned NOT NULL COMMENT 'A:Administrador - I:Ingeniero - M:Maestro',
  `urlAvatar` varchar(255) DEFAULT NULL,
  `indHabilitado` tinyint(1) NOT NULL DEFAULT '1' COMMENT '1:Habilitado - 0:Deshabilitado',
  PRIMARY KEY (`idUsuario`),
  KEY `fk_idRol_idRol` (`idRol`),
  CONSTRAINT `fk_idRol_idRol` FOREIGN KEY (`idRol`) REFERENCES `ci_rol` (`idRol`)
) ENGINE=InnoDB DEFAULT CHARSET=utf8;

LOCK TABLES `ci_usuario` WRITE;
/*!40000 ALTER TABLE `ci_usuario` DISABLE KEYS */;

INSERT INTO `ci_usuario` (`idUsuario`, `email`, `contrasena`, `tipoDocumento`, `numDocumento`, `nombre`, `apellido`, `direccion`, `telefono`, `celular`, `desde`, `ultimoAcceso`, `idRol`, `urlAvatar`, `indHabilitado`)
VALUES
	(1,'admin@ciberdix.com','81dc9bdb52d04dc20036dbd8313ed055','CC','123','Admin','ciberdix',NULL,NULL,NULL,'0000-00-00 00:00:00','2018-11-28 17:55:04',2,'ciberdix-circle.jpg',1),
	(2,'superadmin@ciberdix.com','81dc9bdb52d04dc20036dbd8313ed055','CC','456','SuperAdmin','ciberdix',NULL,NULL,NULL,'0000-00-00 00:00:00','2018-11-30 09:35:05',1,'ciberdix-circle.jpg',1),
	(3,'usuario@ciberdix.com','81dc9bdb52d04dc20036dbd8313ed055','CC','789','Usuario','ciberdix',NULL,NULL,NULL,'0000-00-00 00:00:00','2018-11-28 18:44:41',3,'36d35-logo-02.png',1),
	(8,'carlospineda@ciberdix.com','81dc9bdb52d04dc20036dbd8313ed055','cc','13746254','Carlos Alberto','Pineda Torres',NULL,NULL,NULL,NULL,NULL,1,NULL,1),
	(9,'karenpinto@ciberdix.com','b325ebd3636ecab0fa1554e948636f81','CC','1098773264','Karen','Pinto Romero','Cra 59 #146 a 41 el carmen 6 etapa','6183499','3168682098','2018-11-15 14:02:12','2018-11-20 16:21:47',1,'Kp.jpg',1),
	(10,'andres.munoz@ciberdix.com','ec6a6536ca304edf844d1d248a4f08dc','CC','1098773264','Andrecito','Muñucito',NULL,NULL,NULL,NULL,NULL,1,NULL,1);

/*!40000 ALTER TABLE `ci_usuario` ENABLE KEYS */;
UNLOCK TABLES;


# Volcado de tabla dx_documento
# ------------------------------------------------------------

DROP TABLE IF EXISTS `dx_documento`;

CREATE TABLE `dx_documento` (
  `idDocumento` int(11) unsigned NOT NULL AUTO_INCREMENT,
  `idTipoDocumento` int(11) unsigned NOT NULL,
  `idProceso` int(11) unsigned NOT NULL,
  `codigo` varchar(255) NOT NULL DEFAULT '',
  `titulo` varchar(255) NOT NULL DEFAULT '',
  `fechaHora` timestamp NULL DEFAULT NULL,
  `indHabilitado` tinyint(1) NOT NULL DEFAULT '1',
  PRIMARY KEY (`idDocumento`),
  KEY `dx_documento_ibfk_2` (`idProceso`),
  KEY `dx_documento_ibfk_1` (`idTipoDocumento`),
  CONSTRAINT `dx_documento_ibfk_1` FOREIGN KEY (`idTipoDocumento`) REFERENCES `dx_tipodocumento` (`idTipoDocumento`),
  CONSTRAINT `dx_documento_ibfk_2` FOREIGN KEY (`idProceso`) REFERENCES `dx_proceso` (`idProceso`)
) ENGINE=InnoDB DEFAULT CHARSET=utf8;

LOCK TABLES `dx_documento` WRITE;
/*!40000 ALTER TABLE `dx_documento` DISABLE KEYS */;

INSERT INTO `dx_documento` (`idDocumento`, `idTipoDocumento`, `idProceso`, `codigo`, `titulo`, `fechaHora`, `indHabilitado`)
VALUES
	(1,4,1,'001','Politica de Calidad','2018-01-01 01:00:00',1);

/*!40000 ALTER TABLE `dx_documento` ENABLE KEYS */;
UNLOCK TABLES;


# Volcado de tabla dx_proceso
# ------------------------------------------------------------

DROP TABLE IF EXISTS `dx_proceso`;

CREATE TABLE `dx_proceso` (
  `idProceso` int(11) unsigned NOT NULL AUTO_INCREMENT,
  `idTipoProceso` int(11) unsigned NOT NULL,
  `codigo` varchar(255) NOT NULL DEFAULT '',
  `nombre` varchar(255) NOT NULL DEFAULT '',
  `indHabilitado` tinyint(1) NOT NULL DEFAULT '1',
  PRIMARY KEY (`idProceso`),
  UNIQUE KEY `codigo` (`codigo`),
  KEY `idProceso` (`idTipoProceso`),
  CONSTRAINT `dx_proceso_ibfk_1` FOREIGN KEY (`idTipoProceso`) REFERENCES `dx_tipoproceso` (`idTipoProceso`)
) ENGINE=InnoDB DEFAULT CHARSET=utf8;

LOCK TABLES `dx_proceso` WRITE;
/*!40000 ALTER TABLE `dx_proceso` DISABLE KEYS */;

INSERT INTO `dx_proceso` (`idProceso`, `idTipoProceso`, `codigo`, `nombre`, `indHabilitado`)
VALUES
	(1,1,'GEREN','Gerencia',1),
	(2,1,'CALID','Calidad',1),
	(3,2,'GEPRO','Proyectos ',1),
	(4,2,'DIDES','Diseño y Desarrollo',1),
	(5,2,'SOPOR','Soporte y Mantenimiento',1),
	(6,2,'MEVEN','Mercadeo y Ventas',1),
	(7,3,'ADMIN','Administración',1),
	(8,3,'TAHUM','Talento Humano',1),
	(9,3,'SGSST','Seguridad y Salud en el Trabajo',1);

/*!40000 ALTER TABLE `dx_proceso` ENABLE KEYS */;
UNLOCK TABLES;


# Volcado de tabla dx_tipodocumento
# ------------------------------------------------------------

DROP TABLE IF EXISTS `dx_tipodocumento`;

CREATE TABLE `dx_tipodocumento` (
  `idTipoDocumento` int(11) unsigned NOT NULL AUTO_INCREMENT,
  `codigo` varchar(10) NOT NULL DEFAULT '',
  `nombre` varchar(255) NOT NULL DEFAULT '',
  `orden` tinyint(2) NOT NULL,
  `indHabilitado` tinyint(1) NOT NULL DEFAULT '1',
  PRIMARY KEY (`idTipoDocumento`)
) ENGINE=InnoDB DEFAULT CHARSET=utf8;

LOCK TABLES `dx_tipodocumento` WRITE;
/*!40000 ALTER TABLE `dx_tipodocumento` DISABLE KEYS */;

INSERT INTO `dx_tipodocumento` (`idTipoDocumento`, `codigo`, `nombre`, `orden`, `indHabilitado`)
VALUES
	(3,'F','Formato',2,1),
	(4,'D','Documento',1,1);

/*!40000 ALTER TABLE `dx_tipodocumento` ENABLE KEYS */;
UNLOCK TABLES;


# Volcado de tabla dx_tipoproceso
# ------------------------------------------------------------

DROP TABLE IF EXISTS `dx_tipoproceso`;

CREATE TABLE `dx_tipoproceso` (
  `idTipoProceso` int(11) unsigned NOT NULL AUTO_INCREMENT,
  `codigo` varchar(255) DEFAULT NULL,
  `nombre` varchar(255) DEFAULT NULL,
  `indHabilitado` tinyint(1) NOT NULL DEFAULT '1',
  PRIMARY KEY (`idTipoProceso`)
) ENGINE=InnoDB DEFAULT CHARSET=utf8;

LOCK TABLES `dx_tipoproceso` WRITE;
/*!40000 ALTER TABLE `dx_tipoproceso` DISABLE KEYS */;

INSERT INTO `dx_tipoproceso` (`idTipoProceso`, `codigo`, `nombre`, `indHabilitado`)
VALUES
	(1,'GES','Proceso de Gestión',1),
	(2,'MIS','Proceso Misionales',1),
	(3,'APO','Proceso de Apoyo',1);

/*!40000 ALTER TABLE `dx_tipoproceso` ENABLE KEYS */;
UNLOCK TABLES;


# Volcado de tabla dx_versiondocumento
# ------------------------------------------------------------

DROP TABLE IF EXISTS `dx_versiondocumento`;

CREATE TABLE `dx_versiondocumento` (
  `idVersionDocumento` int(11) unsigned NOT NULL AUTO_INCREMENT,
  `idDocumento` int(11) unsigned NOT NULL,
  `idUsuario` int(11) unsigned NOT NULL,
  `version` varchar(255) NOT NULL DEFAULT '',
  `urlOpen` varchar(255) DEFAULT NULL,
  `urlPdf` varchar(255) DEFAULT NULL,
  `fechaHora` timestamp NULL DEFAULT NULL,
  `indHabilitado` tinyint(1) NOT NULL DEFAULT '1',
  PRIMARY KEY (`idVersionDocumento`),
  KEY `idDocumento` (`idDocumento`),
  KEY `idUsuario` (`idUsuario`),
  CONSTRAINT `dx_versiondocumento_ibfk_1` FOREIGN KEY (`idDocumento`) REFERENCES `dx_documento` (`idDocumento`),
  CONSTRAINT `dx_versiondocumento_ibfk_2` FOREIGN KEY (`idUsuario`) REFERENCES `ci_usuario` (`idUsuario`)
) ENGINE=InnoDB DEFAULT CHARSET=utf8;

LOCK TABLES `dx_versiondocumento` WRITE;
/*!40000 ALTER TABLE `dx_versiondocumento` DISABLE KEYS */;

INSERT INTO `dx_versiondocumento` (`idVersionDocumento`, `idDocumento`, `idUsuario`, `version`, `urlOpen`, `urlPdf`, `fechaHora`, `indHabilitado`)
VALUES
	(1,1,9,'0.1','a6102-d-geren-001-politica-de-calidad-v.01.docx','159df-d-geren-001-politica-de-calidad-v.01.pdf','2018-11-20 13:07:57',1);

/*!40000 ALTER TABLE `dx_versiondocumento` ENABLE KEYS */;
UNLOCK TABLES;



/*!40111 SET SQL_NOTES=@OLD_SQL_NOTES */;
/*!40101 SET SQL_MODE=@OLD_SQL_MODE */;
/*!40014 SET FOREIGN_KEY_CHECKS=@OLD_FOREIGN_KEY_CHECKS */;
/*!40101 SET CHARACTER_SET_CLIENT=@OLD_CHARACTER_SET_CLIENT */;
/*!40101 SET CHARACTER_SET_RESULTS=@OLD_CHARACTER_SET_RESULTS */;
/*!40101 SET COLLATION_CONNECTION=@OLD_COLLATION_CONNECTION */;
